Subject,type,alpha,side,sigma
0028vx980suduypyca0fxp5s.,1,10.0,0.31915176715041804,0.31764760276898346
0028vx980suduypyca0fxp5s.,2,10.0,0.31915171860946684,0.3176475972346167
0028vx980suduypyca0fxp5s.,3,1.2328090018164573,-0.8269448680102034,0.41100454282725024
0028vx980suduypyca0fxp5s.,4,-0.5929381167526658,-0.10839812036446554,0.6803035157701764
0ai9f8an3qc4knt1s37yc2fq.,1,10.0,0.16701883521660713,0.42275228684012356
0ai9f8an3qc4knt1s37yc2fq.,2,10.0,-0.31915177694344943,0.3176475957770026
0ai9f8an3qc4knt1s37yc2fq.,3,12.103742835280235,-6.371022965445713,1.000000082740371e-09
0ai9f8an3qc4knt1s37yc2fq.,4,20.0,-3.6437004317305655,2.4558432728007524
